OBJECTID,NAME,PMA,PARKSBND_AREA,GLOBALID,SHAPE_Length,SHAPE_Area
1,12TH AVE SQUARE PARK,4467,7316.172948,{AE241324-AFE9-4547-9EDB-62D4B0F7A0FA},342.909024595341,7316.14368341806
2,14TH AVENUE NW BOAT RAMP,4010,27888.351315,{89299145-B23A-4EDE-B1E5-B577868BF60C},758.646958329287,27888.2397618104
3,17TH AVENUE NE CENTERSTRIP,4160,71950.878767,{8EDD427F-3581-4366-A04E-271B8567F929},5902.22716085818,71950.5909663495
4,3001 E MADISON,296,14679.930267,{950F7FC4-29A7-4232-B4A5-2C441AD9B7F8},578.56701125626,14679.8715478322
5,48TH AVE SW/SW CHARLESTOWN ST,4590,14467.911693,{16DA0F5B-E8C1-4B5B-B42C-98D46B457DCF},481.835245865783,14467.8538213485
6,6TH AVENUE NW POCKET PARK,3158,9006.612569,{503D8E49-0FBF-43AA-8E2F-5D630E45F5F4},380.913393398784,9006.57654296454
7,8605 35TH AVE NE,654,13710.692277,{55B07047-CDF4-4153-82BA-557DB8FB7E39},470.291855160306,13710.6374345917
8,ALASKAN WAY BOULEVARD,4449,95870.357998,{79766ED3-D387-40FE-8CCA-6E7BFEA0F24E},1973.94960515201,95869.9745160796
9,ALBERT DAVIS PARK,244,58459.982889,{91C64E97-D584-491C-B46D-CFA4F4C86833},1218.10297149216,58459.7490490486
10,ALICE BALL PARK,4484,18698.81889,{6B77F147-9168-47F8-B69F-0DC78327EF43},597.372429138483,18698.7440943719
11,ALKI BEACH PARK,445,5919768.153795,{B89D7027-E327-44BA-833D-09C1D2E4419C},23763.7161464541,5919744.47474066
12,ALKI PLAYGROUND,446,197688.894591,{AF427F79-99DB-4FA4-8482-B6141CB3B7E4},1956.73264192268,197688.103834839
13,ALVIN LARKINS PARK,3914,28512.234511,{895EFE59-041E-4434-95DD-2B57C8D4F181},717.052488605017,28512.1204620266
14,AMY YEE TENNIS CENTER,426,368391.302528,{A3EFF517-2ACE-49D4-9E85-59E2C5424E2A},3613.42437263971,368389.828965199
15,ANDOVER PLACE,2927,8357.088812,{94EB465E-871F-4F91-96B4-C38C3B97F5A6},681.706715133593,8357.0553837748
16,ARAPAHOE TRIANGLE,1556,1554.166985,{546466B2-8AFC-4703-B4F9-55EB6CE8F703},201.886363927459,1554.16076844553
17,ARROYO HEIGHTS,485,157202.140195,{9429BF2F-2162-49CB-803D-265A914022D2},2404.74207276334,157201.511386245
18,ARROYOS NATURAL AREA,485,150631.075443,{D921F62E-BCA0-4AF6-A0F2-30740D14B375},3515.74900233715,150630.472919891
19,ATLANTIC CITY BOAT RAMP,4081,278166.660494,{C9AD0CB7-9076-46F4-A239-226A4F824160},2271.83472604983,278165.547829584
20,ATLANTIC STREET PARK,4243,32080.563925,{AF60365F-181B-4B9C-B3E2-5C7A6E89D878},1086.20138897632,32080.4356029498
21,B.F. DAY PLAYGROUND,241,102835.917612,{43A4074A-68B5-49DB-807F-8FBAE33ED251},1314.31089188061,102835.50626906
22,BAGLEY VIEWPOINT,4006,6224.079938,{3DF6E874-562F-4A37-A057-1A7C6015F873},353.048202771258,6224.05504219276
23,BAKER PARK ON CROWN HILL,2840,27625.632006,{BFC22351-73C9-4089-9240-1CB587F7BBE4},803.685627428149,27625.521503214
24,BALLARD COMMONS PARK,4278,59954.1216,{3042B90F-C551-4BAA-B298-CCDB3BD3D5FA},999.60580368534,59953.8817849276
25,BALLARD CORNERS PARK,4428,10004.27147,{B21A428A-2A01-4CE4-9AF2-259F14D2F84A},500.10743440598,10004.2314535198
26,BALLARD PLAYGROUND,497,149391.977301,{7696619B-41F4-4A8A-88DC-C10D1177724A},1755.58856691441,149391.379733445
27,BALLARD SWIMMING POOL,498,36497.723767,{51882D93-60ED-4C39-B464-37EA15D796AC},765.166868696326,36497.5777771082
28,BANNER WAY TRIANGLES,4073,9610.858802,{C3C4E72D-E415-4998-88E4-7DDF82D36FB5},671.186210373187,9610.82035935914
29,BAR-S PLAYGROUND,3703,184597.559414,{ED904280-8022-4EB7-9DDA-EC4A8A64BA64},1800.11363686455,184596.821023394
30,BAYVIEW PLAYGROUND,303,201447.57257,{0259498E-61A8-4A53-97D0-E540835B7D63},1854.21213608461,201446.766780577
31,BEACON HILL PLAYGROUND,400,128761.041166,{4ED29756-B0E8-4890-A6C9-E7F55C72A3A7},1504.75390840835,128760.526122545
32,BEACON PLACE,3119,10864.567495,{4F811F3F-7853-4866-A088-C122B1D63DE6},473.845440290744,10864.5240370035
33,BEAVER POND NATURAL AREA ON THORNTON CREEK,4481,297351.183297,{86D36347-0A8E-4F45-B37E-68E2380D1F6C},5949.25820232936,297349.993894541
34,BEER SHEVA PARK,440,254461.746065,{ECCA86FB-1D68-4CC3-ABD9-A30283ABD976},2474.21607217385,254460.728217888
35,BELL STREET PARK BOULEVARD,4472,61371.938412,{825C5327-E70B-42F7-B74B-640E1CC642BB},2388.87893869371,61371.6929246459
36,BELLEVUE PLACE,4022,54064.228816,{9BCA821F-95C2-438E-AA7E-E4403D835278},1826.5115738209,54064.0125601586
37,BELLTOWN COMMUNITY CENTER,4485,6473.537402,{CDDE2E80-9C4F-44A7-9695-E0A54B013698},335.882631308044,6473.51150793164
38,BELLTOWN COTTAGE PARK,4415,7215.513455,{E12C10F6-05A4-461D-8761-621AA63476C2},360.175245452069,7215.48459227754
39,BELLTOWN P-PATCH,3908,7213.721165,{F4DC7749-21C3-4A2E-A2D0-1877BFE33C06},360.156125132875,7213.692309701
40,BELMONT PLACE,346,758.938731,{D675DCAC-75B4-4BEE-8BEA-7108F21A0F98},136.683969739163,758.935694837715
41,BELVEDERE PARK,447,72781.940528,{1050939A-01B5-4A12-8DC2-6E53898740C8},1543.1247483689,72781.6494008003
42,BELVOIR PLACE,475,17919.585238,{F2177277-8396-4FE7-9D7E-5FFB4EB840FE},764.85552120069,17919.5135600863
43,BENEFIT PLAYGROUND,436,103198.493651,{A669842C-6CEA-4C63-B0EB-EF47BF09BA45},1389.92748093701,103198.080857616
44,BENVENUTO VIEWPOINT,4245,72483.739678,{F64EA09C-CB88-42A9-8CB8-37B6421D6B1E},3829.3704684431,72483.4497438827
45,BERGEN PLACE,253,6891.305541,{9C1A5846-7D30-4F13-8B46-88B29FF963A1},366.017671790784,6891.27797626474
46,BHY KRACKE PARK,304,66733.001627,{35993A34-01F7-48B4-82FF-19CB62076AFF},1149.27425190466,66732.7346964632
47,BITTER LAKE OPEN SPACE PARK,4450,125374.359188,{3AF532DB-082F-48A8-8436-B0D107F9E187},3668.62759028325,125373.857691961
48,BITTER LAKE PLAYFIELD,288,326006.264822,{A3432C77-C082-4A3E-8DC9-06CEA982E13F},2295.66636191157,326004.960797982
49,BLAINE PLACE,3907,1353.864884,{831D0555-D100-41FB-9C91-F92E727AA571},192.877612833702,1353.85946853018
50,BLAKELEY CRESCENT PARK,4435,15409.743665,{35A5858F-7549-42BC-8D27-5B6AE87AA381},1066.56920660987,15409.6820264035
51,BLUE DOG POND,4418,98573.8484,{A16AF2FB-7CC8-45DA-9B6D-D98FC31AFCCB},1323.28096581416,98573.4541066933
52,BLUE RIDGE CIRCLE,238,4276.22778,{8A7CD5A0-1C3D-4824-8D10-D7AF8E7C7AF3},234.89368226201,4276.21067514431
53,BLUE RIDGE PLACES,239,8637.190288,{34CA8957-AEC5-4CBC-99CA-2C814813C235},549.371639917241,8637.15573936035
54,BOREN PARK,362,315198.933134,{90DBA846-F287-4389-BC9B-CDCB9CB07672},2556.11629653298,315197.672337909
55,BOREN PLACE,3116,1158.578556,{430029FC-7B47-4F16-9395-417506B2430D},171.254550328958,1158.57392153203
56,BOYLSTON PLACE,349,199.708571,{2D9C4160-733E-4609-A181-62A7C28EDF34},71.0695173486158,199.707771837249
57,BRADNER GARDENS PARK,401,68024.512713,{84F8F170-E332-4ABF-9135-AAA119B85310},1058.91800159044,68024.2406156725
58,BRIGHTON PLAYFIELD,402,535932.998808,{D94B6764-3CD3-4058-AA47-E157444C313E},3013.07564178062,535930.855079442
59,BROADWAY HILL PARK,4474,11955.956869,{4BA8FC2B-96AA-4E5C-A791-79A17476054E},439.103397872124,11955.9090448841
60,BRYANT NEIGHBORHOOD PLAYGROUND,482,134787.016142,{42C73127-B034-45E2-A21C-54ABCFAA441F},1634.25811376619,134786.476995501
61,BULLITT LIFE ESTATE,4609,69004.136503,{E2A781FA-38B3-45D4-9185-8D3B84D7A49B},1059.89899920301,69003.8604868768
62,BURKE-GILMAN PLAYGROUND PARK,496,310421.965152,{F8CE1B38-F2C6-4091-9D29-FFC6C7DC20A5},4365.32531209709,310420.723465811
63,BURKE-GILMAN TRAIL,476,3389155.494945,{C2AF965A-02BE-47F5-9F20-1E0BD134F74C},91515.5807690347,3389141.93834537
64,CAL ANDERSON PARK,3102,480828.451237,{95F16685-74DA-43FD-90D2-4827BE97C50B},3204.67808048419,480826.527923686
65,CALIFORNIA PLACE,448,10616.051034,{8D0919EA-1957-4039-8C3C-DCFDCFE003FB},498.963448433051,10616.0085691307
66,CAMP LONG,4154,2375764.710803,{09257FDA-EBF8-4202-9F59-C7274F8BBA47},6953.79026830079,2375755.20775593
67,CARKEEK PARK,240,7763863.962375,{CB15C29B-5942-4AC7-9BC1-3B45996311FF},35682.526976835,7763832.90694823
68,CARLETON CENTER,305,3813.374004,{87C559ED-F6FC-483D-B1B4-B7E9D1137584},253.441711546856,3813.35875044032
69,CARLETON HIGHLANDS,4049,35357.441503,{3237FDF5-649B-4EED-9483-349A168D6F5D},931.919350568842,35357.3000730908
70,CASCADE PLACE,3902,1205.851724,{1A5618DC-26D0-4E14-8863-4827E040D373},145.417392962324,1205.84690034649
71,CASCADE PLAYGROUND,350,88453.931836,{A305DF53-F2A3-4F49-85F9-26737B0B441F},1710.03500589204,88453.5780216345
72,CATHERINE BLAINE JR HS,0,216541.537823,{D0C6E363-6A7D-49F8-9BFF-21834380EE6A},2136.73836626783,216540.671657621
73,CAYTON CORNER PARK,4478,4560.188439,{AB4EF283-3DF3-48C2-9D7A-52BAEACE5366},338.482742475602,4560.1701983102
74,CEDAR PARK,4167,92179.059922,{C1BE610F-1F10-4D25-A8DF-7488641A6699},1282.89982680274,92178.6912066243
75,CESAR CHAVEZ PARK,4448,7604.621622,{601E4BC6-2754-4BBD-AC3C-7AE8E8B8D96F},392.080911234358,7604.59120342285
76,CHARLES RICHEY SR VIEWPOINT,80,485925.648996,{8DFD4293-DC83-49F3-ABA4-8B91A9F65C18},7389.35139112342,485923.705293028
77,CHEASTY BOULEVARD,4214,842551.420862,{F0B222F5-6CA2-487A-9F4E-3C61E69BF3C5},13927.7195375751,842548.050659121
78,CHEASTY GREENSPACE,258,1743682.468023,{120E4835-718A-407C-B58E-CF30DDB98E02},20449.2281837163,1743675.49330629
79,CHEASTY GREENSPACE,489,271166.267174,{E5C1BF00-1965-4191-9CDD-A31552EAE2DD},6269.37107877494,271165.182507077
80,CHEASTY GREENSPACE: MT VIEW,269,368048.054828,{62EA430A-7786-489B-B6BC-55612217E3D1},4699.76646896364,368046.58263725
81,CHINATOWN/ID HUB URBAN VILLAGE,4489,11670.251827,{C7CB28C1-2A38-49F9-8191-8869DB898D05},566.822176131198,11670.2051463478
82,CHINOOK BEACH PARK,421,104326.73773,{0E211056-D873-4257-A5E7-568F8C341FAB},1821.66514740418,104326.320424008
83,CHINOOK PASSAGE NATURAL AREA ON THORNTON CREEK,4620,108667.925032,{3D7FBE54-BF4A-4342-980F-ABC0CA8B30B3},2708.95620323962,108667.490360839
84,CHRISTIE PARK,595,9973.348762,{041C53D3-42B4-4D8B-B51F-9096DA669B00},399.466489946197,9973.3088689103
85,CITY HALL PARK,306,41161.784431,{CC377F70-C35F-4EC1-8C1D-B9F10A919EAE},850.396060776243,41161.6197840465
86,CLEVELAND PLAYFIELD,404,112311.408358,{195326D0-7F0D-4BD5-BAA4-0F753886B9A6},1448.08654231178,112310.959111146
87,COE PLAY PARK,3985,7012.701527,{F95C96E4-9E9C-455A-8713-987BDD779D6B},341.9667643819,7012.67347637469
88,COLLEGE STREET PARK,3922,18209.345946,{EE5ECB79-BD47-490C-8B5A-69721780EC8A},629.121834851411,18209.2731094007
89,COLLEGE STREET RAVINE,260,116624.111356,{D95FE09A-2BAD-45A0-9871-EB54B02D5A01},4385.37750045674,116623.644861039
90,COLMAN PARK,405,585621.460486,{110E89A5-CEEF-4D66-AD00-40B7E064545A},9204.6833084288,585619.118003589
91,COLMAN PLAYGROUND,406,121974.96758,{A3000C80-25BE-478A-A96A-1633F60BF04C},1441.95209925539,121974.479679758
92,COLUMBIA PARK,4034,113695.5683,{9F7EBDA9-2C29-4B26-B77B-9D2250753A39},1745.3372836353,113695.113517426
93,COMMODORE PARK,308,210117.80818,{3CEFD705-DE2C-47AD-B3F5-72BFB6C82FF4},2892.66361465931,210116.96770842
94,CONDON WAY CENTERSTRIP,4030,23988.474082,{2BFC74EB-A092-4E65-A57C-F411523D95A6},2855.07872363216,23988.3781307551
95,CORLISS PLACE,4017,6585.786827,{BACEB56B-79AF-4009-A6E8-281EE40FFA12},392.808678949853,6585.76048426893
96,CORMORANT COVE,295,85672.473152,{F1E9AF8F-17CE-4D8A-BE2F-8E110603F34F},1642.70287548795,85672.1304619969
97,COTTAGE GROVE PARK,4462,47775.668994,{B17933BA-79E9-4722-9717-AD6562502355},1036.03763110042,47775.4778915094
98,COUNTERBALANCE PARK,4438,12018.517086,{8B79843E-31FE-46FB-8338-9E93CB911794},440.318433529256,12018.4690112144
99,COWEN PARK,483,367550.698959,{B5E33494-B0F1-4E24-AD28-0C279F7D72F6},2452.09424714352,367549.228758339
100,CRESCENT PLACE,4018,846.248358,{DA72FC72-EEE7-4F8A-997B-66B6692912CE},103.138399513489,846.244972845275
101,CROWN HILL GLEN,4070,15706.569184,{A6E9580A-5F4D-4B46-BB90-B9E705B9BDE1},519.239527272943,15706.5063579138
102,CROWN HILL PARK,4469,74517.436972,{9753B748-4BB5-44CB-A4A1-435F5531A453},1210.22547385018,74517.1389023426
103,DAEJEON PARK,4400,150528.15348,{EEA98C74-77E6-4156-A3B9-5FB51E0DFFD8},2750.83979667369,150527.551366543
104,DAHL (WALDO J.) PLAYFIELD,499,630359.036816,{0D28A1E4-F1C8-40DD-B1A4-0CF1B20DE346},3248.11148346527,630356.515383929
105,DAKOTA PLACE PARK,575,20438.687524,{559CADA7-D3B7-4FFD-82EB-2F79F484CA7E},585.47919735554,20438.6057691017
106,DAVID RODGERS PARK,331,414816.85145,{ED31EE0D-878E-452C-9604-3DC153AAAC8D},2575.97711216463,414815.192181582
107,DEARBORN PARK,408,312713.683436,{3A636DB1-57B4-47D5-973C-591EB1B17E45},3949.09052153343,312712.43258373
108,DELRIDGE AND MYRTLE,4423,130796.483551,{CE3EAE61-587B-4ECA-BE99-159FBEEADCE8},1582.64290264419,130795.960367171
109,DELRIDGE PLAYFIELD,450,610313.920117,{48D43B5F-9B29-4084-BB85-DD50879ECBBA},3586.78403388115,610311.478863978
110,DELRIDGE WETLAND,623,20015.674527,{3251A4FE-AF08-48AD-80C9-18CF2753D79D},600.165499191519,20015.5944636883
111,DEMONSTRATION GARDEN,3883,23526.583321,{1E507371-0280-49D3-97EE-C3CB9D8F2976},622.474381412192,23526.4892149912
112,DENNY BLAINE LAKE PARK,3980,8159.803637,{C8975B2A-602D-4A21-BFC2-034404A54850},326.180525735669,8159.77099732489
113,DENNY BLAINE PARK,3982,24445.859522,{BC475AED-1FAD-4337-908B-E65204C84C89},977.471881779492,24445.7617378874
114,DENNY PARK,309,201514.352652,{08A00608-BAF5-44CE-A2DB-91A5724A9BB6},1838.70451393165,201513.546595433
115,DISCOVERY PARK,0,852536.578301,{4BF5FD2E-46EA-47ED-8CBA-6AA627807FDF},3818.73694712463,852533.168156731
116,DISCOVERY PARK,310,22549978.403008,{AD1919A0-5856-4423-B7DB-B8B39E401160},60728.9824455058,22549888.2031805
117,DISCOVERY PARK,2952,26776.073634,{22A11BC3-BBF2-49D6-86FE-460738598CA4},1053.10318149412,26775.9665284781
118,DISCOVERY PARK,4470,393363.129201,{AF7D185E-8A38-4513-9521-717C00CEB376},18384.6932484004,393361.555742191
119,DISCOVERY PARK,16548,87273.742285,{FBAF161C-B2D7-426A-9E3A-3CB31EE5F972},1420.46079088945,87273.3931916176
120,DISCOVERY PARK BOULEVARD,4470,289907.920446,{40E14881-DA0F-4BB5-8E00-01B6B6CF7BCA},15857.6816627988,289906.76081451
121,DISCOVERY PARK TIDELANDS,2952,13341754.569291,{7B8B9FC0-1DFB-44D6-9990-18B4972E9059},107027.140256302,13341701.2023336
122,DON ARMENI PARK,3917,209010.313459,{B2030CF5-F558-4538-9FFD-55063DF5C397},2495.71784946569,209009.477417255
123,DONNIE CHIN INTERNATIONAL CHILDREN'S PARK,364,9987.897945,{F35F8A00-2141-4A06-9D22-8553303D3BCE},443.981270741578,9987.8579931587
124,DR. BLANCHE LAVIZZO PARK,395,89977.788562,{F41B3CBC-D24A-44D2-B823-6133FBE3C294},2186.37422384158,89977.4286534688
125,DR. JOSE RIZAL PARK,433,416913.09509,{59248E17-D7C7-4ED2-A101-9797E7A732B7},2652.36301787555,416911.42743898
126,DUWAMISH HEAD GREENBELT,284,901976.710719,{816B5974-46D8-4D47-9EC9-A1F18A51644F},14746.3352231946,901973.10281613
127,DUWAMISH HEAD GREENBELT,451,1150735.659505,{6C8B3899-3CA3-4A0A-AAE9-CB1A5FBBBC42},23758.9696212375,1150731.05656575
128,DUWAMISH HEAD GREENBELT,454,827544.945853,{B6D7025A-F35C-4575-9175-E7AD93EF55D9},8734.0457955742,827541.635677065
129,DUWAMISH WATERWAY PARK,705,64710.119692,{118E460E-59C4-45D8-8453-7B2337304130},1352.89224517082,64709.8608507042
130,E.C. HUGHES PLAYGROUND,458,276560.46612,{CCB592AA-46B5-4679-A990-02A8CBD2FD16},2124.29718517589,276559.359880116
131,EAST DUWAMISH GREENBELT,283,198923.191123,{DDCFD5C6-A043-4F94-BB6E-81C0D0810CDB},5579.27029955116,198922.395429695
132,EAST DUWAMISH GREENBELT,430,567162.796314,{3B95FBB4-DB33-4ACB-B52E-7F48F09BC1C9},13913.5552416289,567160.527663075
133,EAST DUWAMISH GREENBELT,442,1882234.665996,{B5219D96-6CBA-4BD1-9692-FE45A002B72C},16825.5429955517,1882227.13707143
134,EAST DUWAMISH GREENBELT,443,820557.834124,{E7A1C29A-5593-4073-9E69-F5366E5EAA30},17500.8202643204,820554.551891396
135,EAST DUWAMISH GREENBELT,3925,262564.700611,{758774FA-A5D0-44DC-86C2-FBAF7F15A6EF},5519.56260103562,262563.650351622
136,EAST DUWAMISH GREENBELT,4046,167559.353495,{F7F4D986-4D4F-40BA-B268-BFFB5F003724},4637.06970469254,167558.683255719
137,EAST MONTLAKE PARK,374,332149.278077,{2CA38C7A-75A5-46D1-8841-8F5431D1AA9E},2582.95448007013,332147.949482517
138,EAST PORTAL VIEWPOINT,4241,315731.798306,{C3FC4D20-1D71-4CFE-B762-8599E1BEA1E2},2757.63028824266,315730.535380478
139,EAST QUEEN ANNE PLAYGROUND,329,60038.357492,{6C2818D1-B9B6-4B21-A99B-C9826D26FE2E},980.336396747347,60038.1173388444
140,EASTMONT PLACE,4012,1485.901959,{DBCC623E-EA77-4234-A6BA-7898CF5ADCF8},217.815043971192,1485.89601524794
141,ELLA BAILEY PARK,318,106301.357333,{D1BA8DF0-3832-4C3C-9915-ABB3871275B3},1310.50089984376,106300.93212944
142,EMMA SCHMITZ MEMORIAL OVERLOOK,3920,758109.184544,{201A83DA-0818-471B-A10B-B92A5E7B6C2D},4317.18136348351,758106.152113077
143,ENDOLYNE PARK,1653,5504.538446,{A61A8B10-3F8F-440B-93DC-DDFBCEDD1026},539.559789098676,5504.51642786296
144,ERCOLINI PARK,4454,23499.064591,{76CADBDB-07D5-4EF4-A3F1-C3C314079FCB},634.986551703407,23498.9705944312
145,FAIRMOUNT PARK,4410,143964.347201,{9555999F-F9F2-4D28-AB1C-8B078E0EA0DE},2152.33880738366,143963.771343621
146,FAIRMOUNT PLAYGROUND,452,229098.317547,{DF49467A-8069-4C00-ABAB-9D6BC1112A25},1972.94808178369,229097.401155728
147,FAIRVIEW PARK,2975,44896.587301,{4FD3E85F-9804-472A-8249-4A6AC8C19A46},1530.30677101814,44896.4077150638
148,FAIRVIEW WALKWAY,4155,21729.405651,{9522D101-1DF9-4F3F-B8ED-E83757376F8C},956.005736128787,21729.3187327996
149,FAUNTLEROY CREEK RAVINE,3149,8367.044213,{F3065D25-6348-411D-A81A-DB7BBA896D0C},406.899582591855,8367.01074489577
150,FAUNTLEROY PARK,453,1407974.50671,{C21263A3-C310-4C37-AD89-DD80FC4A4752},12651.6631044663,1407968.8748197
151,FAUNTLEROY PLACE,3921,2973.263269,{FF535917-FEFD-4C1B-9EF2-5AAD96C9F36B},264.104600248491,2973.25137565472
152,FIREHOUSE MINI PARK,351,14507.712417,{130810B6-D350-42EF-B33F-E19D92F54C59},515.830662850221,14507.6543866547
153,FIRST HILL PARK,3910,9450.978449,{590B78E8-127C-469E-B5E9-8B25CC38FF24},400.010912417664,9450.94064496703
154,FLETCHER PLACE,3948,2715.858697,{B58C90A3-894E-41F9-9C5F-7C5600C2D5D5},210.294906881079,2715.84783315806
155,FLICKER HAVEN NATURAL AREA ON THORNTON CREEK,4618,359123.686376,{FFB34FB2-0227-4767-A2A0-626FD7A9A67A},2522.53438815055,359122.249883153
156,FLO WARE PARK,363,21521.651769,{C80D01F0-DC68-4F65-A21B-B12D725422D1},599.208744125101,21521.5656829251
157,FOSTER ISLAND (WASH. PARK),393,1360732.246546,{AAD8CB50-9E07-4B5C-89F1-3ADAADE6F6DE},7465.99378101524,1360726.80362258
158,FRED HUTCHINSON PLAYGROUND,439,190877.596056,{8193F480-4A0B-468E-8162-BF77C4F02ECF},1892.02587801564,190876.832543867
159,FREMONT CANAL PARK,4011,29875.484846,{29295281-4294-496C-852A-8B5CA9E63116},4013.38960557216,29875.3653440311
160,FREMONT PEAK PARK,4424,24453.072258,{09A52A91-3C6A-4D72-B42A-750F63B99309},664.550100376799,24452.974445901
161,FRINK PARK,392,734226.483029,{300FA92D-FCD1-41DC-A20D-AEC642927391},6198.7645514235,734223.546127982
162,FRITZ HEDGES WATERWAY PARK,4490,156853.34531,{7F5ED783-F76D-4DDD-BE59-A22144DD0C8A},2018.02782696502,156852.717897264
163,FROULA PLAYGROUND,287,115518.346618,{4F88E22B-A9C9-4B94-A461-94A62EB25699},2279.31469430808,115517.884544865
164,GARFIELD PLAYFIELD,353,366547.406656,{EB60D70D-8B6E-4668-A645-0EB0F8D141B7},2759.10888972084,366545.940467621
165,GARFIELD PLAYFIELD,3115,5901.832226,{6FEEF2F3-F74A-43C9-A63A-9D3A1DA19A19},311.98338047947,5901.80861831036
166,GARFIELD TEEN LIFE CENTER,4625,9329.271759,{F1CE5FC6-3FD0-4484-A3EB-5CD6C44DF02D},521.702196073335,9329.23444167329
167,GAS WORKS PARK,293,930101.62236,{E92C1D39-28BD-4E01-A09B-BD11B7D2463C},4520.71837767844,930097.901955357
168,GEMENSKAP PARK,4619,20645.014893,{74CFE345-4F72-40FC-84E0-F1C0978D3148},1006.09225310822,20644.9323135936
169,GENESEE PARK AND PLAYFIELD,409,2512343.762855,{33A33898-D703-4B7A-BAE5-505AA137270D},12924.859017694,2512333.71348798
170,GEORGETOWN PLAYFIELD,410,230145.849021,{F4618E48-42A3-40EC-88A2-13C81C9D3860},2027.97146593034,230144.928438905
171,GEORGETOWN PUMP STATION,635,11717.360773,{D0E9F813-DD2C-44B8-BE33-87DD66ACDF86},463.638678693948,11717.3139032358
172,GERBER PARK,3759,7126.962854,{144B483D-06B7-4716-985B-6C46C2BB0BDA},453.926714123208,7126.93434684621
173,GILMAN PLAYGROUND,242,170325.786591,{A5A57A7B-E7B2-4B5B-A23B-85C1B4CA4872},1662.75500759313,170325.105288409
174,GOLDEN GARDENS PARK,243,4324217.273724,{AE2C8090-F3A6-4A34-905F-813F2FFAEC0E},23356.8125441981,4324199.97686814
175,GRAND ARMY CEMETERY,354,124491.45479,{DACD22E3-F723-4650-A47C-AF146A367858},1470.93251340709,124490.956825542
176,GREEN LAKE,307,11150307.09654,{A099F0B6-4439-4B21-9B54-82FB09B049D0},16029.2721505723,11150262.4953601
177,GREEN LAKE PARK,307,3765452.649792,{B45CA535-DE09-4338-8A44-A31ACD3373BF},33088.7130786392,3765437.58799535
178,GREENWOOD PARK,4408,119167.772147,{95787C31-1F58-43A9-B44F-DC7FEF6521A8},1414.30890149416,119167.295476497
179,GREENWOOD TRIANGLE,245,4502.904602,{3692F2A0-4CDD-45B0-8DC3-D1BEE6D526CC},353.038650045309,4502.88659079263
180,GREG DAVIS PARK,4157,61105.816569,{6FA33C93-EC8D-481F-8C26-0FEF6D6AD4C2},1105.92652946787,61105.5721437142
181,HALLER LAKE COMMUNITY ST END,4464,15470.693536,{9E1D9176-E2D3-4C9B-BA82-CDFA47DD2093},635.679098398641,15470.6316534081
182,HAMILTON VIEWPOINT PARK,454,734721.887994,{85932314-B798-4429-833B-A81B61EFEF62},8357.79380555031,734718.949111623
183,HARBOR PATROL,478,77296.44311,{E2DF810D-C742-43BC-9C31-4DDD3C5FFB6B},1220.71290327381,77296.1339256017
184,HARRISON RIDGE GREENBELT,356,171022.049979,{DE6043BC-0D92-4AA2-BB01-7E1BDF8314FF},4152.35566238368,171021.365892669
185,HARVARD-MILLER/ROANOKE ANNEX,3695,6401.862845,{37C58B7E-A477-4202-A03E-3E777BD7B729},358.051515834924,6401.83723804313
186,HELENE MADISON POOL,285,183349.750322,{F1CA86C1-943A-4AA4-A729-23422EE63CC2},1815.44319853729,183349.016922698
187,HERRINGS HOUSE PARK (Tulaltx),4412,663954.927134,{D0A7E7AD-C6A7-4382-83C8-86C96AE13590},5025.85101934108,663952.271318263
188,HIAWATHA PLAYFIELD,456,526307.550461,{9B1656A0-C4ED-40E7-AA86-950F7D5D4214},2904.35504221997,526305.445230205
189,HIGHLAND DRIVE PARKWAY,3983,3331.306692,{82BB21FD-D346-43B0-B959-345BE11C811A},579.247718677718,3331.29336725654
190,HIGHLAND PARK PLAYGROUND,457,276582.934668,{35312F99-60D8-4D84-B32F-E18FA6767B20},2160.74279891171,276581.828337886
191,HILLMAN P-PATCH,4102,9253.880689,{0B22273A-4B19-404E-8028-EE8CD15467E0},385.642797782356,9253.8436735275
192,HING HAY PARK,358,14403.108011,{41A78233-02FF-4404-A05A-F453BE3E093F},480.050979858467,14403.0503984767
193,HING HAY PARK ADDITION,358,13322.59072,{3F8444D8-216B-4E2A-99AF-2DB4B6A0FE9E},462.045318843818,13322.5374302104
194,HITTS HILL PARK,4413,137071.562965,{11889BE4-85D8-4F77-91C9-CBCB116A53B6},2087.47306688286,137071.014679113
195,HOMER HARRIS PARK,4426,21621.382943,{DFA7F42D-1265-4B17-BFAF-D9A5B6075671},600.376709453407,21621.2964568876
196,HOMEWOOD NATURAL AREA ON THORNTON CREEK,4417,42029.490974,{98ABF7FF-FCC3-493F-AD69-6E3EE231DC8E},1668.20619354182,42029.322856382
197,HORIUCHI PARK,43,12503.340731,{10F8AA88-A16F-4644-86C7-0DA39839F2A9},568.301454468731,12503.2907168233
198,HORTON HILL CORRIDOR,3927,12973.694187,{72FFC6BB-B791-4836-B0D1-A85279497803},552.455868371909,12973.642292553
199,HOWELL PARK,359,37586.936716,{4F52A379-6AE5-46DD-B8DD-8ACBFCF45DE6},944.684992874686,37586.7863681042
200,HUBBARD HOMESTEAD PARK,4456,162797.862364,{AECF8E8D-3920-4188-BEB0-730CF2D71AFA},1739.86153067829,162797.211173529
201,HUNTER BOULEVARD,4032,55954.760203,{985A5DCD-5F18-4F29-9EDA-742957A7C5B4},3107.18587190662,55954.5363817216
202,HYDE PLACE,3905,385.128361,{32A59769-58D8-424E-BA8A-222F3B29F924},95.0095089471238,385.126820607187
203,I-5 COLONNADE,4446,372516.24113,{6745A97B-AAE9-4660-8514-0ACCD87643AC},3082.1100044315,372514.751066703
204,I-90 LID: UNNAMED,4432,112825.385332,{98726FB4-EA04-4146-95AB-0781CCA815E0},2784.15185347791,112824.934030341
205,ID/CHINATOWN COMMUNITY CENTER,4437,8637.110501,{268E2E4A-B803-42FA-8C63-E5762E222562},383.983621350299,8637.07595299268
206,INTERBAY ATHLETIC FIELD,3887,322118.656847,{AADA85AA-7AE1-4C1D-9C50-8A04FF50BF89},2632.49875205959,322117.368373869
207,INTERBAY GOLF,313,1757332.021535,{FB587012-BC8A-45C4-9E28-B5C8CC786333},6541.51469509618,1757324.99221764
208,INTERBAY P-PATCH,4086,83102.742377,{B8470D6E-CFBC-48C5-BECA-E8D07F695A67},1141.18476567935,83102.4099651455
209,INTERLAKEN PARK,3023,2282241.619411,{127B5D02-0343-4B32-B534-EBF780DE75E7},19337.8874750429,2282232.49045304
210,INVERNESS RAVINE PARK,4001,117976.468594,{F671B6DA-85CB-44C5-9C82-F52BCC3D6CC0},2299.05671097717,117975.996688937
211,JACKSON PARK GOLF COURSE,327,6635258.255657,{96E40360-D828-4CCE-A54D-A38767E24BC6},11770.1286968812,6635231.71464629
212,JEFFERSON PARK,114,1970606.45785,{070E4A4A-4094-4E8E-B821-F9F6E713D1B6},7450.24564419591,1970598.57543358
213,JEFFERSON PARK GOLF COURSE,4153,5257203.117929,{7EFACA3F-27E5-4281-9BFF-80F72EFF0998},15450.3082239696,5257182.08914136
214,JIM ELLIS FREEWAY PARK,312,225457.724466,{CD0548A4-CEF9-4680-B401-AA541F2738FC},5515.35251282664,225456.822633929
215,JIMI HENDRIX PARK,3121,100665.047825,{8E7C4D19-4301-426B-98DC-07F0F75B31D4},1277.66718028591,100664.645164464
216,"JOHN C. LITTLE, SR. PARK",429,250912.305185,{3096DE98-695A-470B-A727-85929B8D16EF},3199.47086622408,250911.30153674
217,JUDGE CHARLES M. STOKES OVERLOOK,4244,228350.503207,{45DE208F-1AF9-4E70-BB35-84D12FB022D4},2859.2245682663,228349.589805314
218,JUDKINS PARK AND PLAYFIELD,397,805950.934556,{4191574C-9D0F-4204-A921-4E10D037C886},6805.13753392392,805947.710756909
219,JULIA LEE'S PARK,4627,10880.332422,{8E7D9A58-CD0D-4A45-9677-7D8AD26463CE},423.395377738394,10880.2889007563
220,JUNCTION PLAZA PARK,4455,6810.456801,{E9012E48-7EB4-4988-AC9E-C63A589C1405},359.087361566682,6810.4295593869
221,KATIE BLACKS GARDEN,3122,28462.987738,{E4689243-C395-4AED-AB30-3250A77ABD38},727.78855926304,28462.8738855108
222,KERRY PARK (FRANKLIN PLACE),342,13622.467028,{66B0772A-7F59-4E86-B9E5-FCC867F71C6C},550.275589324936,13622.4125379352
223,KERRY PARK AND VIEWPOINT,342,55047.774228,{1E3B714C-FAA4-4699-BAA2-28EFB87D494B},1012.37056658458,55047.5540369031
224,KEYSTONE PLACE,3880,9778.895875,{74768CF3-5347-4492-93B5-3891DEBE9839},617.890430260829,9778.85675963607
225,KILBOURNE PARK,459,28958.805241,{5C902684-D100-4346-9EB9-A7B699F8DBFB},1270.2659008317,28958.6894054523
226,KINGFISHER NATURAL AREA ON THORNTON CREEK,4480,653544.968893,{AC197E8D-C0A5-46A8-82C0-677018E243EB},12752.875056528,653542.354716987
227,KINNEAR PARK,314,614668.460841,{6C05319D-453E-4B9B-9FFB-AE3C0C30BBFD},4172.74989130772,614666.002168666
228,KINNEAR PLACE,315,4014.304504,{433EF2CC-B374-449C-A6A1-6D87892AA8A2},387.278554820994,4014.28844653583
229,KIRKE PARK,4468,39072.422714,{1CAA1E46-2AC9-4AC6-AFE4-5278E0405325},981.480622975721,39072.2664237605
230,KIWANIS MEMORIAL PRESERVE PARK,246,704806.258897,{36D34A9A-D4F9-4F30-911C-99297EBC229A},9137.98859752601,704803.43967301
231,KIWANIS RAVINE OVERLOOK,4429,13176.736446,{82ABC382-3B23-40CE-8589-AE13124BDAF4},460.163433941661,13176.6837390403
232,KUBOTA GARDENS,415,843571.04675,{41983836-FA9C-4DD8-A7F9-413FA528C1C4},4520.36656121162,843567.672469063
233,KUBOTA GARDENS NATURAL AREA,262,931486.183261,{6E33C0A1-D393-45DF-9F6D-FF78DEFC09BC},8624.58748185682,931482.457322137
234,LAKE CITY MEMORIAL TRIANGLE,333,233.711195,{0BF0522D-8946-4966-831D-1F1D04631905},86.5290669823426,233.710259892742
235,LAKE CITY PARK,487,7398.287668,{822AFEDB-3014-49F8-AB5C-A24A4E57892F},407.194195607563,7398.25807442332
236,LAKE CITY URBAN HUB VILLAGE,4476,10017.723151,{CB96A053-FFD4-4209-A740-66E9239CD87D},426.118701832614,10017.6830808684
237,LAKE PEOPLE PARK (XACUA'BS),4439,22929.0872,{DE80C042-A18D-4106-B233-4D1DF0FC8FB8},609.980697023331,22928.995484509
238,LAKE UNION PARK,344,474955.863073,{0AAD9589-62CB-4F13-AC21-FFB30C560DF2},4628.38521391389,474953.963251641
239,LAKE WASHINGTON BOULEVARD,393,87.370004,{7F49898C-82F5-4CAE-A16C-C56F81FEF623},46.1424798555835,87.3696548913455
240,LAKE WASHINGTON BOULEVARD,412,4134442.540611,{5F6DE41C-9C38-42C8-A86D-9935124CAFB0},76228.9859931236,4134426.00285888
241,LAKE WASHINGTON BOULEVARD,413,3609992.342054,{DC884601-9FCA-4784-ADD3-407D7DBE920B},19637.2904615637,3609977.90209422
242,LAKERIDGE PARK,411,1548465.087073,{911834DD-1343-4EA0-B380-9E265E525436},11996.9940627571,1548458.89321775
243,LAKERIDGE PLAYGROUND,3972,187403.294208,{6706A7C4-EEB9-4A99-ADB9-D696BEBFDE3E},1758.17540522092,187402.544595403
244,LAKEVIEW PARK,365,195992.392427,{0765544B-7ABB-4FCE-8AC4-8BE314D0CA9D},3016.06706090913,195991.608457266
245,LAKEVIEW PLACE,366,180.091679,{45223660-8A48-4707-BCBB-EFDCF26CF699},64.7121845784176,180.090958655229
246,LAKEWOOD MOORAGE,4040,541629.504927,{28D76F4C-BA0C-4441-8CB7-9E18794816BE},2993.26472482739,541627.33841054
247,LAKEWOOD MOORAGE,4041,35627.878392,{28F7FDCC-B343-40D9-AA06-2ECB4CC8AEC6},734.990326822962,35627.7358811716
248,LAKEWOOD PLAYGROUND,414,85897.687968,{09D474A5-264D-4D6C-9EC6-053EC3711502},1195.79857056736,85897.3443783414
249,LAKEWOOD TRIANGLE,4024,5370.534325,{E432B003-32F1-47FD-A2C6-CF86C5244754},313.57967840354,5370.5128428274
250,LAMBERT PLACE,3906,1392.816058,{C23D91F3-2D93-4A2F-993C-CAD4593FE5C4},180.343796118773,1392.81048639448
251,LANDING PARKWAY,3929,15711.968737,{415C89B3-9FB8-400F-BA43-6F721F183D6C},1071.88696816647,15711.905888669
252,LANGSTON HUGHES ANNEX,256,7752.438794,{13125EEC-B665-4BBB-B0CE-906CF33DA14D},377.180247961355,7752.4077842575
253,LANGSTON HUGHES CULTURAL ARTS,256,44851.883724,{8BEAECB7-A998-44A2-8621-45867DF9561F},993.037156612823,44851.7043173406
254,LAURELHURST PLAYFIELD,340,576465.155203,{B90A7890-020B-4FE7-9628-F87F5242FFAC},3161.46475827427,576462.84934302
255,LAURELHURST RECREATION CENTER,4442,5619.09866,{6363269C-B12F-4172-9866-8CF0A600A23A},386.647759598266,5619.07618323731
256,LAURELHURST TRIANGLE,4162,913.201189,{C34F8747-9E8E-465F-92D2-013E6693D72F},111.120931008837,913.19753584569
257,LAVILLA MEADOWS NATURAL AREA ON THORNTON CREEK,4482,190641.683251,{6884B9FD-1FFB-4709-AEA0-5C3890232614},2169.0455512256,190640.920684142
258,LAWTON PARK,316,414330.888971,{0099DD07-6850-47B8-916F-B038208D3CA1},4823.86904612923,414329.231649215
259,LESCHI PARK,367,560431.786521,{504231EE-942A-4CA1-B42B-624533E32822},5193.5001104685,560429.544796532
260,LESCHI PARK AND SOUTH MOORAGE,367,195185.727709,{A77BEAD9-20EE-4948-9182-FB6916C67CB4},1955.69938647841,195184.946966069
261,LESCHI-LAKE DELL NATURAL AREA,263,164943.715963,{A7AD5162-CBE0-4D7C-9DBF-E50EDC2968A4},4876.19727761151,164943.056188523
262,LEWIS PARK,4076,163725.16718,{9D88ACC0-3992-4277-AF33-C4FF8F8F3FA8},3405.31492826407,163724.512279829
263,LICORICE FERN NATURAL AREA ON THORNTON CREEK,4479,341025.391672,{7FB0FEB7-DC3C-4B48-8F5D-6FB8BE44979E},4117.73446942819,341024.027572015
264,LICTON SPRINGS PARK,286,328830.902573,{4DB40B3A-404E-4260-83D8-9FD04347ECE1},2422.90222002001,328829.587252093
265,LINCOLN PARK,460,5541025.620813,{02095045-48EF-458E-9F82-588786750A6F},10989.450586844,5541003.45673701
266,LINDEN ORCHARD PARK,4419,14396.958782,{69AB590C-D10D-4CA6-80E4-6C59E8A2F3A2},538.456124590476,14396.9011941119
267,LITTLE BROOK CREEK NATURAL AREA,4617,104304.114418,{60547F70-084A-4EF1-A577-7BC179F91FA3},1548.03302405257,104303.697201978
268,LITTLE BROOK PARK,297,38607.209566,{3CFE5AED-926F-4E5F-8A8C-D279042D22DF},867.560578168402,38607.0551372667
269,LLANDOVER WOODS GREENSPACE,301,395874.417756,{A05AC64C-63B5-4412-B49D-F170F0735069},4602.80068150763,395872.834261685
270,LONGFELLOW CREEK GREENSPACE,264,256357.706866,{6E338D98-AC9E-47F9-B84D-FDF40B787B85},4661.07813650733,256356.681438667
271,LONGFELLOW CREEK GREENSPACE,265,2066276.349861,{4E65BA8F-D059-4E8A-98FA-C57F750FA751},28318.5001775076,2066268.08476538
272,LONGFELLOW CREEK GREENSPACE,267,152254.84776,{AA5F2DDB-4B75-48B5-A968-F21C517E3766},3318.50478580565,152254.23874117
273,LONGFELLOW CREEK NATURAL AREA,265,40275.723527,{DC040C0F-8553-434D-B405-34F0FE540823},930.441488427558,40275.5624242155
274,"LOWERY C. ""POP"" MOUNGER POOL",4473,56400.671829,{0C11CD77-099F-4783-9881-8F37AF77D46B},1156.16716424414,56400.4462257184
275,LOWMAN BEACH PARK,461,178200.92294,{446E69C9-ACB4-464A-9F52-E247C43B9810},1824.966381697,178200.210136208
276,LOYAL HEIGHTS PLAYFIELD,289,291077.530427,{7A3C2DA9-CF8A-4830-B73E-663EBD361D88},2173.22479003132,291076.366117914
277,LYNN STREET MINI PARK,4075,4697.754119,{1916A986-62D1-4B99-8466-5E34D48291D2},361.611509422622,4697.7353278124
278,MACLEAN PARK,4422,44429.534925,{61A23CCC-43A2-4BCB-8C9B-4AC6E4CA7E00},964.102387214683,44429.3572070713
279,MADISON PARK,369,360582.160157,{807A27E3-1CD1-4C35-AC56-520A9FC10F6E},3061.55400799365,360580.717828165
280,MADISON PARK NORTH BEACH,4441,195521.584866,{66D8F563-640A-4C17-A39C-DD787BD99B0E},1778.86198120668,195520.802779651
281,MADRONA BRIAR PATCH,4005,7488.717735,{1BFEC225-3111-4986-A65A-5E61FB1190A7},381.033053975352,7488.68778034125
282,MADRONA PARK,370,1256046.410136,{4B39F51C-8BE1-4D09-8033-BDDCD2829FB9},10965.0665566033,1256041.38595611
283,MADRONA PLAYGROUND,371,77035.303879,{C4C5AA8F-0557-4D9B-8624-1D4ED68691BB},1170.05224894071,77034.9957365348
284,MADRONA RAVINE,2856,36855.601541,{15458F19-A231-4B34-BF50-D9C06426D30A},1216.86345274088,36855.4541188675
285,MAGNOLIA BOULEVARD,317,965.315487,{25F2D8AC-DDCB-4923-908D-505F1933A3FB},159.249292585132,965.311625873274
286,MAGNOLIA BOULEVARD,2843,2337559.510621,{E5BF25A9-4B3A-4D80-B91A-7D05438A9AC4},30831.1215265079,2337550.16039109
287,MAGNOLIA GREENBELT,492,139309.774765,{CBDAE06C-0BBE-44FA-9747-96AD6CCF3512},3491.40529132287,139309.217526535
288,MAGNOLIA MANOR PARK,747,268497.222406,{4439A135-6A84-40E6-BE4F-93CF3870E0C6},2263.97499826746,268496.148417506
289,MAGNOLIA PARK,317,510531.487488,{8F60C972-1DF5-42C3-8311-322FAE95FD1F},9154.75734521795,510529.445366514
290,MAGNOLIA TIDELANDS PARK,3041,7672071.247304,{CCC4E406-6A69-4DB5-9374-22217C8061B7},83307.8361061574,7672040.55904867
291,MAPLE LEAF COMMUNITY GARDEN,4434,15985.399719,{4EEE8D84-3B96-4D76-81BF-C1C79C2CAA75},509.507780615504,15985.3357773318
292,MAPLE LEAF RESERVOIR PARK,3881,1084249.05977,{C10D1E8C-F6C8-4E30-996E-22120E8FD2D7},4223.23671011932,1084244.72277807
293,MAPLE SCHOOL RAVINE,1630,330999.14904,{D0564BA6-ECE5-4AF6-AF26-0E088D7BD79A},7636.07204992157,330997.825045448
294,MAPLE SPRINGS NATURAL AREA,4615,46644.093266,{E7A5A58B-8A98-499D-9738-8634E30B1B2D},1608.52104657887,46643.906690211
295,MAPLE WOOD PLAYFIELD,418,691349.86068,{1949CFDA-9A9B-492D-809D-C030EAE7616A},3725.98743113512,691347.095282174
296,MARRA-DESIMONE PARK,4447,377896.58059,{F0AF4E50-1924-4751-BAC2-955030B25721},2737.81796473524,377895.069005228
297,MARSHALL PARK,320,34088.68082,{0B4160E9-DA8A-438E-A028-6687893BA705},790.296632496921,34088.54446592
298,MARTHA WASHINGTON PARK,432,417194.493865,{3ED1F8A5-DA2A-4523-B3E1-445D3F78B7BF},2629.46082562932,417192.825088764
299,MARTIN LUTHER KING JR MEMORIAL,3923,191294.901096,{EF3AAFCE-B458-4262-A0B4-D9668AF6EABC},2501.06182782193,191294.135918204
300,MARVINS GARDEN,298,4482.454109,{44B5074C-4B3F-4B3A-91F6-3944F9189702},322.980533867965,4482.43617914223
301,MATTHEWS BEACH PARK,347,956042.104073,{A10D1975-693D-412E-9AFE-1D6CB413FEC1},6856.39610270994,956038.279910855
302,MAYFAIR PARK,321,43086.30542,{2505205E-0691-4E93-B088-2D5E9EA4DA94},889.834129827161,43086.133075301
303,MCGILVRA BOULEVARD,4013,22333.951919,{2E8ADD64-C8E0-4F97-A085-C151D4DF0906},2469.68177826296,22333.8625848293
304,MCGILVRA PLACE,4008,2652.021071,{E1048298-0175-4600-8A8A-622715628CA0},257.989388576357,2652.01046310498
305,MCGRAW SQUARE,339,644.817639,{D800B94B-3DD6-4A14-B60A-64C3B3DC03D4},123.630476416278,644.815059994668
306,ME-KWA-MOOKS NATURAL AREA,268,295525.359431,{DE1BBD24-E458-4601-B25C-0F30248FCCC6},5999.93818547887,295524.177331132
307,ME-KWA-MOOKS PARK,473,751919.252225,{E7D97410-62FF-4318-9ADB-34973840CB03},5125.12077092539,751916.244552632
308,MEADOWBROOK PLAYFIELD,352,851211.769399,{74D140B9-0817-4733-BBEF-AB891D20D1BF},4027.08961186205,851208.364554146
309,MEADOWBROOK TEEN LIFE CENTER,352,7637.798913,{8AEC9756-7057-4D33-B77D-0898481F8436},375.340128645128,7637.76836210539
310,MERIDIAN PLAYGROUND,1104,293196.836904,{5FFDBB81-CA31-40B0-8399-230B0BB7A0AD},2931.34925714958,293195.664117955
311,MILLER TRIANGLE,4015,8179.605774,{C700EFB2-D2E3-4ED3-A68A-84CCAB70F352},514.615444288101,8179.57305536934
312,MINERAL SPRINGS PARK,291,173101.536247,{911CF1D8-44BA-40B6-BDBA-A221DABF22A1},2165.4508448815,173100.843843282
313,MOCK CREEK RAVINE,277,44096.673785,{D82200CF-D1F6-439D-B709-D68FB011B5C4},1080.25626717761,44096.4973981855
314,MONTLAKE BOULEVARD,4021,11469.267061,{C1512E38-B4D4-457E-9E71-2DAE1730A694},1084.99384031519,11469.2211830783
315,MONTLAKE PLAYFIELD,376,1135292.132955,{8E54B972-D5D1-4B93-991D-3A406AAB26EE},8691.17396872287,1135287.59179268
316,MORGAN JUNCTION PARK,4460,28632.751628,{1DFC94DE-3865-45F4-8F70-FA7489CBFB21},968.701488808934,28632.6370973884
317,MOUNT BAKER BOULEVARD,4020,319096.214725,{6D25A96E-B777-4F11-9FF9-47EC23F594A2},5368.03021315322,319094.93834195
318,MOUNT BAKER PARK,405,158396.726544,{ED235554-679A-4D81-B656-F8DD739B0E53},2852.72051606153,158396.092958253
319,MOUNT BAKER PARK,419,1078079.120413,{AD4514CE-6A22-41C9-AB97-BA527CB9142C},15392.794606846,1078074.80809772
320,MOUNT CLAIRE PARK,4019,50990.97532,{635CB168-8330-4128-AE11-2768B8A4E0E8},2433.57300122097,50990.7713570977
321,MT BAKER RIDGE VIEWPOINT,4427,5043.740823,{84D3D534-AD78-4BBE-B160-75252951CBC0},326.51391089005,5043.72064804619
322,MYRTLE EDWARDS PARK,311,209609.455841,{C619A4DD-AD75-43B2-BA26-8D2CC197F2DF},3611.82395419727,209608.617405419
323,MYRTLE RESERVOIR PARK,4463,159366.920501,{5643438A-9193-471B-A8FE-D37A6D44D216},2381.82696047477,159366.283033534
324,NANTES PARK,3916,14125.482619,{546ABB82-D829-47C6-A656-D029899CF8D6},485.261116935842,14125.4261171936
325,NE 130TH STREET END,4654,14775.449561,{9F5F301E-1B65-4B0A-B7DB-C7193860F94E},694.687548525994,14775.3904587806
326,NE 60TH STREET PARK,3975,14467.919812,{C64FE468-EBD2-43FE-91F5-818EB09A1E4B},841.755311465792,14467.8619407783
327,NORAS WOODS,4403,15161.429449,{6FAFFD16-16D0-45A2-BFA7-15779FB824ED},493.727513413409,15161.3688036116
328,NORTH BEACH PARK,247,359057.653824,{3EEC88E5-D4F4-464C-8677-1CD89215716E},5685.03672599591,359056.217595564
329,NORTH BEACH RAVINE: 30TH NW NATURAL AREA,271,59981.618922,{81938684-35B0-4C80-860B-1E69584EFC29},2150.7617629992,59981.3789954277
330,NORTH LESCHI MOORAGE,367,287977.003432,{79B31882-7CBA-45FD-B51F-BD3069BD9285},2401.11842161473,287975.851524119
331,NORTH PARK SHOPS,481,97399.124971,{1A933BE3-3AAE-49C6-8A85-3CB051DC389F},1263.42739405655,97398.7353755114
332,NORTH PASSAGE POINT PARK,2956,34722.138691,{61940E15-A785-49C4-9DBE-A00D1640BF12},833.872293235875,34721.9998032343
333,NORTHACRES PARK,361,900522.847239,{669C82BA-3D73-47D8-A9F0-D8A3304187D5},4174.92520227947,900519.245151404
334,NORTHEAST QUEEN ANNE GREENBELT,279,432699.591078,{CE060A4D-EFC1-432F-9C39-0C99C2DA8980},7535.93359715187,432697.860280033
335,NORTHGATE COMMUNITY CENTER,4425,102980.215021,{EA48627F-02D9-429A-B18C-37ED77BF570A},1290.22091404425,102979.80310297
336,NORTHGATE PARK,4445,51498.587752,{87209768-63DB-49B8-8DB5-4E20DFEB4E00},936.030637926204,51498.3817584292
337,NORTHLAKE PARK,4452,1659.700192,{91497B81-AC85-4B18-9A9A-B2AB38AEDCFD},212.509077639656,1659.69355352115
338,NW 60TH STREET VIEWPOINT,4161,5346.534796,{F2CF489F-5B82-44F4-8094-C96BFE39D7DE},364.667452792248,5346.51341018062
339,OBSERVATORY COURTS,322,36209.771604,{3BBE930D-18A9-446F-9079-B06B9C1E0AFF},820.13524698461,36209.626765468
340,OCCIDENTAL SQUARE,323,26627.306013,{5B36B0A6-CBD8-40D1-9DEE-483F1ACDA3D0},701.651605580831,26627.1995031637
341,OPEN WATER PARK,3005,611502.86605,{9B6C41F6-13B8-4752-969C-B344C5D4A8D4},3808.60272555608,611500.42004029
342,ORCHARD STREET RAVINE,300,74305.708384,{DCC7C64C-9CB5-469C-A13D-B93C7DC60C6F},1663.96775598715,74305.4111595783
343,OTHELLO PARK,403,329440.956566,{762F52E0-875C-4C07-9CDE-B2AA6418CFBB},2430.2861649738,329439.638806476
344,OXBOW PARK,4416,35415.357111,{854C53A7-810A-4DEF-921A-6C34FCD34549},794.568675816312,35415.2154497672
345,PARK HOME CIRCLE,4027,2827.071548,{1ED64341-2F20-4136-9B70-622D6BDA48E1},188.489419232719,2827.06023957125
346,PARKMONT PLACE,4009,9187.767657,{38914F9D-60D6-4118-9C6C-637806FAE8D9},802.410879327002,9187.73090550334
347,PARSONS GARDENS,324,19250.91849,{A6A5F24C-3A50-434F-A927-D70CE8175F2D},558.268768525939,19250.8414865221
348,PELLY PLACE NATURAL AREA,237,44779.014043,{83449EFB-6035-4AFC-883C-2D811FB0FCBE},1267.08663662516,44778.834926714
349,PENDLETON MILLER PLAYFIELD,373,329405.938467,{18C0B97A-457A-41CA-98D8-301B1EF8D661},2847.5845975268,329404.620844005
350,PEPPIS PLAYGROUND,378,99679.586384,{D94598B5-8730-4597-A46D-27EC4B708EBD},1229.17220175595,99679.1876650325
351,PICARDO (RAINIE) P-PATCH,4322,127560.158383,{1272C3A4-3D93-47BA-91DA-AB1C7DFA3E1B},1417.10115552153,127559.6481427
352,PIERS 62 AND 63,274,88215.779856,{1FC02E9A-8EBE-41CE-BECD-44BD9558FA3C},1490.23106979517,88215.4269927044
353,PIGEON POINT,282,1310747.411156,{5FFF68E5-4791-47C3-958B-C0D3C6F3A721},8030.85420120353,1310742.16817062
354,PINEHURST PLAYGROUND,382,54846.539681,{9EAD6712-88D1-4A2A-9782-D3068941A74D},949.731611522021,54846.320294587
355,PINEHURST POCKET PARK,4444,8104.743913,{CE3D553C-A46E-4B38-9865-25FC03A534A3},375.32396812793,8104.71149427556
356,PIONEER SQUARE,325,13852.940907,{A09215BE-D860-402C-BB8E-75EE917E817B},570.223617072844,13852.885495361
357,PIPERS CREEK NATURAL AREA,275,406754.49024,{6F68FCA9-3B2D-43F9-B685-F8B29B1DE537},3770.14847604494,406752.863222495
358,PLUM TREE PARK,387,14397.832322,{9419B47D-F4EC-4903-A77F-3E768A256990},480.027975928478,14397.7747301525
359,PLYMOUTH PILLARS PARK,4000,29733.633179,{D1C92761-ECB4-4F70-8926-BC73FD758BF6},1271.44500559196,29733.5142446641
360,POWELL BARNETT PARK,345,189757.733015,{1E3D405A-0DC7-4491-B5D4-20DCD4CE15F9},1884.90102172765,189756.973987829
361,PRATT PARK,390,237941.884273,{9A945A1F-2DF5-4D7E-96EB-E98390689707},2250.40178615652,237940.932507419
362,PREFONTAINE PLACE,326,1809.824619,{F04E6061-47D6-45B8-B2BA-2F56FF2BE94D},213.504587563613,1809.81737949921
363,PRENTIS I. FRAZIER PARK,357,15901.868822,{4E104EC7-3012-4CC1-ABC9-E3E675B3EB17},544.429493442305,15901.8052147961
364,PRITCHARD ISLAND BEACH,420,584016.255732,{DC76DF97-D06E-4C28-BD28-83386A6B9BB3},5778.45946048322,584013.919670506
365,PUGET BOULEVARD,4158,258799.129157,{2AA0ABA0-E265-4A56-BEA1-FD433ED0AA64},5276.49349389705,258798.093961041
366,PUGET CREEK EDIBLE PARK,4572,29350.806556,{924816E7-A04D-427B-A50D-8AA46A5863D6},739.168487516141,29350.6891531749
367,PUGET CREEK GREENSPACE,3993,303563.180623,{1103B3A5-2CDD-4C72-B60B-975F243FCDC6},4781.01063287368,303561.966371126
368,PUGET CREEK NATURAL AREA,3993,39253.302415,{47CE40CF-6C04-4352-9D69-C67A3B5981CC},1134.30674638759,39253.1454007986
369,PUGET PARK,462,956208.01539,{E409E439-0351-474C-80F9-5FB84C50FCD1},6727.92315666273,956204.190562312
370,PUGET RIDGE PLAYGROUND,4201,6261.688562,{15D4CA7A-1F39-4B5C-BA8B-2EB78BEE32B6},417.853409678135,6261.66351600139
371,QUEEN ANNE BOULEVARD,328,1317471.844324,{853F6E9C-D05E-422F-B767-F7FE5613692C},40353.7490391699,1317466.57443939
372,QUEEN ANNE BOWL PLAYFIELD,3984,236235.1377,{3515F744-0591-4BA1-B324-01CB72E65D79},2943.82196110848,236234.192759587
373,QUEEN ANNE SWIMMING POOL,337,43550.513694,{7B1EE60C-70FF-46A9-9843-BC9CE14FA2A6},965.68617315732,43550.3394918217
374,RAINBOW POINT,4045,34611.027042,{CB04C308-606E-443A-9877-926B1B4AAF7F},1195.26614608665,34610.8885979424
375,RAINIER BEACH COMMUNITY CENTER,434,126329.245476,{C93FD135-176A-4D41-B22B-D7772ED3E550},1532.28317670478,126328.740159469
376,RAINIER BEACH PLAYFIELD,422,412440.193335,{B0FC06B6-5A66-4784-86D2-C6BB5CECC32B},2772.4787487617,412438.543575808
377,RAINIER BEACH URBAN FARM AND WETLANDS,3946,434564.808928,{3DBC3383-A5CB-4F3D-99B0-43CB3D8F8ADD},5223.85352562119,434563.070667385
378,RAINIER PLACE,3999,412.299106,{A17504FE-33CA-4A83-A4B4-C44AC00992B1},86.2881962248062,412.297456789476
379,RAINIER PLAYFIELD,423,413283.605792,{E2FE02FA-9EBB-497F-8141-196FC2312577},2570.67660756515,413281.952659467
380,RAVENNA BOULEVARD,388,329432.83715,{6384E0C9-4DC7-4860-A170-B24B98DC2CB2},15017.6126767869,329431.519424972
381,RAVENNA PARK,391,2174801.934816,{4D396241-7E04-47AC-B14C-08FB044BC72E},10025.1912863135,2174793.23561269
382,RAVENNA RAVINE,254,42333.492131,{A912E4B3-5D28-4E71-9E7F-C3633949F075},1048.97277040844,42333.3227979789
383,RAVENNA WOODS,4411,50208.651985,{A573F3D9-8F86-4AC8-8BA6-071EFC88EE7D},961.938361361239,50208.4511508502
384,RAVENNA-ECKSTEIN PARK,488,143615.827076,{5BED8DFF-1601-465C-9ABC-989F04F5D28C},1993.91683246461,143615.252614589
385,REGRADE PARK,336,12959.375662,{DB69AFD4-9D61-445D-A1CC-24B453F6314A},456.003713059087,12959.3238249407
386,RIVERVIEW PLAYFIELD,463,1840779.31,{A36B6573-B6CD-4C8A-8F4C-43E061B1356E},6920.3536600862,1840771.94688843
387,ROANOKE PARK,379,109540.438609,{6E870DF3-07BE-4827-878E-0E0AA6AB284F},2253.2446623623,109540.000448286
388,ROANOKE STREET MINI PARK,4084,4701.688414,{A298A8CB-6FE7-4C1D-9174-4384828CEE18},480.875573970561,4701.66960661497
389,ROGERS PLAYGROUND,380,83660.36561,{2B810260-2372-4C89-902B-8D8EE27DDD6B},1181.80645604917,83660.0309698774
390,ROOSEVELT LAND-BANK SITE,4653,8701.726618,{74687A36-3786-443B-8268-0CAA53570337},484.820794355364,8701.69181145496
391,ROSS PLAYGROUND,248,102318.223309,{1CC81A43-590C-484F-85C1-BC21939C0730},1409.37570210271,102317.814035732
392,ROTARY VIEWPOINT,4465,97590.621594,{DA3061A2-68B9-4A18-AFD3-3A601A05F22A},2758.68076342838,97590.2312333496
393,ROXHILL PARK,464,583537.251923,{1719B7AD-5876-4831-97D2-F3F84DAC15AB},3812.54182995252,583534.917776684
394,S CHARLESTOWN & 35TH AVE S,4483,38660.403054,{70BD7ED8-84D8-4764-A424-24BDE1C21CD2},789.091821426042,38660.2484121386
395,S.W. COMMUNITY CENTER AND POOL,3996,104931.845657,{706D2E9D-A079-410A-A5A8-CFCEF4E9D6F3},1362.32659531614,104931.425929317
396,SACAJAWEA PLAYGROUND,394,113467.696705,{350697B2-0884-4A33-8F87-8E08D70DBADF},1361.45902411188,113467.242834757
397,SALMON BAY PARK,249,122885.013647,{410EE9A7-BDF0-43E3-8912-AEA758BE0B7D},1465.6846792414,122884.522106581
398,SAM SMITH PARK,4242,936860.510055,{FAAB757E-FAA5-4E44-B5E1-23608DF2A844},11169.8791964846,936856.762619439
399,SANDEL PLAYGROUND,250,161891.473139,{66D18E16-8F3A-4BE9-B9D4-50DC0103C9AC},1739.22047044653,161890.825573376
400,SCHMITZ BOULEVARD,4236,103977.441069,{D8756B6A-1F8E-4A69-97B2-41A6652B58A4},2562.38332612435,103977.025159601
401,SCHMITZ PRESERVE PARK,465,2311529.376994,{D9A2033D-0BDF-49AF-9411-D83E75BE4E26},11289.3680725751,2311520.13088608
402,SEACREST PARK,455,704266.023676,{57E40AF5-7A8F-48D5-874F-84FB668E2227},5441.37904232001,704263.20661197
403,SEATTLE AQUARIUM,335,203736.420002,{23A32107-835D-4BCB-B3B4-1E9A3237B599},2168.11866095836,203735.60505557
404,SEOLA BEACH GREENBELT,466,23531.040365,{166FDCBF-5ADD-4565-A7E4-CDF8644A98CE},963.523174203006,23530.9462414162
405,SEOLA PARK,466,615245.88215,{E83B494D-86B5-453E-BAA1-40ED65C37FCB},6854.31503571119,615243.421168646
406,SEVEN HILLS PARK,4466,17330.242331,{A7217B02-F3A6-4D12-A1F3-9A0AF97E2BB1},528.510750856506,17330.1730105944
407,SEWARD PARK,428,12809775.848394,{C9051CFE-C997-42BA-9A8D-D9FA763D4148},16963.250268809,12809724.6093454
408,SIERRA PLACE,3928,640.143887,{01FBF54B-198F-49B0-AD72-FABEDC4B598A},124.466157591377,640.141326067683
409,SMITH COVE PARK,4433,414345.971544,{461FF3F3-FFD4-47BD-A760-332D79DF5087},5133.61109925471,414344.314161445
410,SOLSTICE PARK,4453,312494.552834,{7C72EA14-3F77-460A-B15D-5E53FAE57DBB},2461.24858694609,312493.302857947
411,SOUNDVIEW PLAYFIELD,251,458017.909064,{69F8135B-1318-4F5F-8EA2-910B6FD02AB1},2879.06678196412,458016.076995403
412,SOUNDVIEW TERRACE,3987,13215.883196,{49FA0FD2-2B21-4AAA-B74E-10179B8CAC9E},765.655243562549,13215.8303321533
413,SOUTH DAY STREET PARK,4082,169286.230327,{87D4559E-EE69-4822-8135-1087EAB48047},1746.68566364657,169285.553183545
414,SOUTH PARK MEADOW,4048,42909.059313,{959CC1BA-98B8-4C08-A412-57C52FA9072E},828.613597659382,42908.88767811
415,SOUTH PARK PLAYGROUND,467,241910.572983,{0C5172B6-BB83-4980-8394-B404CF6260CA},1955.65212439191,241909.605341635
416,SOUTH PARK PLAZA,4491,36280.172238,{4CEFD6C6-0B96-4525-BA07-5FBB765EC599},769.52656103817,36280.0271173699
417,SOUTH PASSAGE POINT PARK,377,38765.539696,{6E8BF9F1-EC9C-4070-BE42-BAE6C01FFA3E},882.349824437222,38765.3846347578
418,SPRING STREET MINI PARK,381,14304.099986,{AEB430A0-1DEB-4023-8415-1D60E14BB723},478.400073013278,14304.0427697536
419,SPRUCE STREET MINI PARK,3117,31987.854633,{08786EDE-6122-4628-9D2F-178F72F214A1},755.955252984029,31987.7266814093
420,ST MARKS GREENBELT,2848,128747.107588,{135C5356-3B34-428E-86B4-85E42B20CF06},3173.07771742586,128746.592600952
421,STANLEY SAYRES MEMORIAL PARK,425,968353.732583,{B92D6537-4FA8-419C-A1F5-07339FA994AB},10555.9282318602,968349.859175676
422,STEVENS PLACE,3919,8069.763024,{6F39687B-2BE7-4A8D-91DF-246C1765ED7E},455.352218090667,8069.73074556101
423,STEVENS TRIANGLE,3981,3096.817975,{79A8B350-18A7-40BA-8E07-7C45D9A3D684},412.143991687798,3096.80558758329
424,STIM BULLITT NATURAL AREA,4488,237930.947592,{DDE91471-5658-4C9B-BAEF-077C46D7D79C},2844.00550091156,237929.995868048
425,STREISSGUTH GARDENS,4628,30297.023391,{7FC82FF4-E02E-4179-BAF6-D254A09B1619},816.850324069817,30296.9022024263
426,STURGUS PARK,592,92487.615447,{8358AA56-6E3F-4BBF-BB14-00ED41BB0391},2374.12076975089,92487.2454970659
427,STURTEVANT RAVINE,290,122273.556099,{CAAFA2F1-2469-4E8A-8720-E35F3B0ADA73},2576.25397502287,122273.067003885
428,SUMMIT PLACE,383,764.632218,{675739E1-CED9-4872-9169-A18A0055E0F4},134.462362708974,764.629159268049
429,SUMMIT SLOPE PARK,4461,9605.360712,{E5242C1B-7D91-4C74-A989-D5D63D1F5B9F},400.131669323451,9605.32229052578
430,SUN PARK,4655,4055.817909,{DB14D8BA-9087-4254-ACD0-AF6FCEA3A6C2},264.01099609259,4055.80168611933
431,SUNNYSIDE AVE N BOAT RAMP,3903,23534.881539,{2C425A20-0264-483D-B2C8-5FAAD291BAAE},909.430369451772,23534.7873973393
432,SUNSET HILL PARK,252,117486.316274,{7AE4C7CE-27AD-4215-87E4-644A72E601C2},1799.95695495555,117485.846329442
433,SUNSET PLACE,3901,4761.642038,{6BC7D841-4466-42BF-9DC3-904BF0078FE7},288.776610460409,4761.62299138547
434,SW QUEEN ANNE GREENBELT,234,554008.878564,{0D75B872-CD70-4ED1-9CD9-D62D7DFD81B9},10850.7959422537,554006.662531103
435,T.T. MINOR PLAYGROUND,3913,70983.512502,{D08D62FA-662F-4F4E-95DF-4FCB8D5DDED2},1165.80392051847,70983.2285686712
436,TASHKENT PARK,384,20514.288834,{BE991EA1-8ABC-455F-B8DD-7E74F0C105F1},722.937426733924,20514.2067777569
437,TAYLOR CREEK HEADWATERS,4475,30275.173097,{E86D45DB-7CCE-46E9-A406-5E2E11AFD521},997.025156680187,30275.0519964245
438,TERRY PETTUS PARK,3889,41552.754022,{36942284-CF39-434F-A728-CE3E68F9B964},998.046107558571,41552.5878112132
439,THAYER PLACE,4014,3341.943213,{6274D119-5F76-49A8-A7DE-F3CA260D551C},239.693083647269,3341.92984563324
440,THOMAS C. WALES PARK,1106,58775.547668,{72748509-25E3-4D5E-AED2-2E7CC563709D},994.833454636161,58775.3125664647
441,THOMAS STREET GARDENS,4104,5264.610665,{2D8FDE01-6A94-4BBF-BB67-BADD7AC73732},311.128173972904,5264.58960632858
442,THOMAS STREET MINI PARK,386,10783.018236,{DD4B30AD-EC56-4592-BDAC-C6EDB236E06B},419.505030196534,10782.9751041872
443,THORNDYKE PARK,343,59728.752937,{9A17183F-1F79-4B6C-BF05-0BBC1E5AD1CD},1728.46216657897,59728.5140233023
444,THORNTON CREEK ADDITION: NORTH BRANCH,4649,39192.967271,{2D847AB4-AB6A-48C2-B455-E52C6E89D429},857.868053687395,39192.8104983162
445,THORNTON CREEK NATURAL AREA: 25TH/95TH,416,94699.235542,{0E0E2B2B-57CB-4F03-8D0E-D64048FE7E8B},2607.01280411412,94698.8567437636
446,THYME PATCH PARK,4405,4857.235799,{B54D60AF-ECDF-4C1F-93BA-C4597993DAA1},294.148374651864,4857.21636979484
447,TILIKUM PLACE,3909,1755.519533,{10FF4433-D246-448B-8239-A17B3CDEC8D5},148.538731099005,1755.51251076726
448,TROLL'S KNOLL PARK,4599,24598.581353,{94463A26-E1A9-4644-9D89-CDF0F554CB3D},770.789749746198,24598.4829593142
449,TROLLEY HILL PARK,4421,37717.080331,{9EB8E7F8-E1BC-47F9-BBBD-709E5AC75CD3},797.393373228599,37716.9294621935
450,TRUDYS TRIANGLE,4041,10996.450047,{EC3CB83A-800E-4D82-A98D-595EB8C92268},442.313146158398,10996.4060616781
451,TWELFTH AVENUE SOUTH VIEWPOINT,4159,46472.988503,{48FD3AFB-9748-4CA6-AE57-9E66903D2762},1254.46702697287,46472.802610921
452,UNION BAY BOGLANDS #1,4431,51161.002053,{E706A560-B27F-4461-9092-6DE25D5C05BE},1192.55131926105,51160.7974090083
453,UNION BAY BOGLANDS #2,3751,8114.07206,{334F4B03-FB4A-4902-812E-11C39E16E01F},395.475234842877,8114.03960356819
454,UNION STATION SQUARE,4007,1528.143138,{5413389E-AFEC-4BE2-9F7C-6B3EEF928F4F},206.91606652537,1528.13702522743
455,UNIVERSITY CIRCLE,424,8171.123109,{3BB78B14-E6EE-4191-A584-F036B91DF884},320.953266187075,8171.0904241349
456,UNIVERSITY HEIGHTS,4471,14682.564825,{0085ABDC-F50C-40CC-9FBA-DA770D426899},495.530879769909,14682.5060953258
457,UNIVERSITY LAKE SHORE PLACE,3998,6619.171473,{0AEEC61F-3580-4262-8A83-3CBFF48650E3},365.516536350242,6619.14499623569
458,UNIVERSITY PLAYGROUND,435,119713.00246,{C8EF367D-ACB3-427D-85EF-47F2BD44480E},1429.43487780537,119712.523609591
459,URBAN TRIANGLE PARK,4384,9148.195743,{098E8968-B05E-462D-B988-FAADDAB4B3BD},455.625247676001,9148.15915078823
460,VAN ASSELT PLAYGROUND,431,393233.078254,{8063FDA7-4C85-4170-A6D3-23D114E51C08},3107.19857300813,393231.505323597
461,VICTOR STEINBRUECK PARK,338,34522.262031,{1C52CCAD-066B-4513-B265-ADBD7FCF4F83},882.067836145612,34522.1239423127
462,VICTORY CREEK CONFLUENCE NATURAL AREA ON TC,416,2654.038877,{F2B27F3F-CF9A-4DA4-8688-C1BBB51256BC},241.921997456663,2654.02826094068
463,VICTORY CREEK CONFLUENCE NATURAL AREA ON TC,4616,7537.858563,{D3026891-48A4-46AE-B6F6-A55732FFBBEB},381.632979272226,7537.82841231696
464,VICTORY CREEK PARK,4443,43191.647078,{FBD40564-AD11-4B0F-BED1-0138FB942A62},1018.07332498907,43191.4743108537
465,VICTORY HEIGHTS PLAYGROUND,438,68239.459685,{A68A3472-B12C-4BA4-97B3-09379B4F86E4},1239.64356638448,68239.1867265327
466,VIEW RIDGE PLAYFIELD,444,397907.620667,{542FA5C8-6EDD-40F8-A68A-DDB03EE443CF},2523.46114322225,397906.029039578
467,VIRETTA PARK,3098,79936.917458,{AB956BCC-6300-4365-8C0F-54BADF0064DD},1715.19757455104,79936.5977108744
468,VIRGIL FLAIM PARK,4002,120898.968967,{85F6A6B8-E166-4F79-8BEE-A3A37CD256F1},1375.51484599389,120898.485371891
469,VOLUNTEER PARK,399,2104410.097744,{C5AE0443-3CC6-4CBD-B0EA-01FB50550C1B},5768.93685812243,2104401.68010837
470,VOLUNTEER PARKWAY,4033,108166.564946,{88E9B886-AF1C-44A7-A4C9-173B6947FF59},3923.58376909327,108166.132278257
471,WALLINGFORD PLAYFIELD,449,195578.864114,{F534E62B-A635-46AA-8984-C537A18E5B15},1830.72391331526,195578.081799891
472,WALLINGFORD STEPS,4598,8416.537528,{2506D54B-9C23-4A75-B6FA-EB626541E879},417.292598726904,8416.50386253897
473,WALT HUNDLEY PLAYFIELD,3941,489690.487098,{6785BA6E-32D3-4C98-9289-8D789DD83D19},3412.12498336484,489688.528342149
474,WARD SPRINGS PARK,763,14685.152061,{B9CE062E-9531-4255-8ED4-DC827E4BB63D},485.427063983182,14685.0933205177
475,WARREN G. MAGNUSON PARK,398,13444343.223012,{19EB0DF7-E0EB-4790-84C3-1E6F0E8B66C1},30892.0634238207,13444289.4456852
476,WASHINGTON PARK,4486,547013.957764,{F0E14138-3F64-4113-8590-EC2664F933E3},3427.85887402599,547011.769710358
477,WASHINGTON PARK AND ARBORETUM,393,6448808.544492,{83839DCB-D615-420B-AEFB-91C730C30CB3},37088.4990903649,6448782.74928148
478,WATERFRONT PARK,3973,164661.898019,{F547721E-BFE1-4100-87CD-E69DE91BA9DB},3015.86930814093,164661.239371261
479,WATERWAY 19,4083,81296.249159,{EF9D024C-8284-4DD0-B231-EF7E9579C66F},1535.18550239881,81295.9239726968
480,WATTON LIFE ESTATE,4409,4857.305024,{611B2D84-4FBA-4B08-91EC-9FD01B8F6CB0},318.218543248426,4857.28559521751
481,WEBSTER PARK,3894,35374.092846,{08EE22D6-D1B1-490F-92D2-3389DA207758},807.247548003103,35373.9513497353
482,WEDGWOOD SQUARE,3899,2971.637871,{22382594-9E8C-4C1E-9320-BA9E9E9E5B30},226.954109623851,2971.62598407264
483,WEST CENTRAL GROUNDS MAINTENANCE,257,53515.674369,{FA1FEEB3-EE32-453C-850E-FAC987A854FC},1030.81908099029,53515.4603055234
484,WEST DUWAMISH GREENBELT,282,1416805.559048,{0CB36C1F-616C-4D18-9DFC-F6B29506C1BE},18059.7364382741,1416799.89183404
485,WEST DUWAMISH GREENBELT,484,2313540.509937,{AF826013-E6D3-41A6-9F39-2BF5EABAF186},14258.786077305,2313531.25579144
486,WEST DUWAMISH GREENBELT,4401,2558508.851,{A9812318-E6BB-4B31-BDD7-F56F39CD4564},23376.9747266233,2558498.61697685
487,WEST DUWAMISH GREENBELT,4407,2477214.526845,{A152D576-87DA-4782-A188-8DAF989076E6},12507.4950885077,2477204.61799703
488,WEST EWING MINI PARK,3694,18334.40026,{C901D0F9-75A7-472C-B905-EE349580F4DC},812.868320293931,18334.3269226658
489,WEST MAGNOLIA PLAYFIELD,319,664843.696478,{54C2264A-307C-4B08-9F98-EB447FCBA57D},5020.82135160203,664841.037107095
490,WEST MONTLAKE PARK,375,122856.914767,{F15777AD-1267-478C-8ED8-4686CC6C4AD9},2499.85199666163,122856.423339508
491,WEST QUEEN ANNE PLAYFIELD,330,268213.467219,{74C479AB-52A3-4F2B-AD32-A9BC57F58DEF},2331.141643655,268212.394366259
492,WEST SEATTLE GOLF COURSE,265,590598.677214,{09C35E09-E1B5-48B5-8269-7B39E93E4C7F},12181.6077942004,590596.314822319
493,WEST SEATTLE GOLF COURSE,469,6013906.112234,{4F497D94-3695-42FA-8907-834AEC3DA2DE},11768.0436567646,6013882.05663387
494,WEST SEATTLE JUNCTION,4568,16718.842459,{79751849-CC47-42B6-80F2-FB2E17634679},522.836312486877,16718.7755837732
495,WEST SEATTLE STADIUM,472,503503.599002,{DD694BE2-A6E3-4AFB-B36B-82F29BF2696F},2935.08379580588,503501.584991353
496,WESTBRIDGE SHOPS,4420,238568.964235,{6A1D5AF5-47A8-4616-B63E-B8493B623338},2164.93140977892,238568.009963608
497,WESTCREST PARK,468,5631702.740904,{C597DBF4-585E-47DC-9A2B-7946853392E5},16703.7579231925,5631680.21411255
498,WESTLAKE GREENBELT,494,62114.900629,{FEEF1923-2BD7-44D5-96F5-1CB3235AB286},1466.25730475956,62114.6521711159
499,WESTLAKE PARK,332,20618.823917,{8A6604FE-F81E-429B-997A-FEE028D3AE26},750.958653028433,20618.7414413709
500,WESTLAKE SQUARE,334,469.354351,{15A41B5C-7928-4E39-BF82-0FD7CBF30760},104.891682609019,469.352473741422
501,WILLIAM GROSE PARK,385,18038.31154,{DFDE4506-0AF8-420B-8F9D-F60DFC660D8C},607.834953651235,18038.23938736
502,WILLIAMS PLACE,4016,5696.43832,{794D099B-EC03-4838-9921-6D664761799B},340.623180666702,5696.41553453242
503,WOLF CREEK RAVINE NATURAL AREA,278,65116.447142,{4092264D-2A49-4EB2-A92A-32951A90CD25},1887.87877964516,65116.1866756717
504,WOODLAND PARK,292,4318801.272034,{B511B9ED-4A61-4F3F-9659-73703568E476},11518.9021831677,4318783.99685025
505,WOODLAND PARK ZOO,200,3959004.924543,{95544E34-EBF9-48D4-A2DC-215AD5723A03},8087.50776660486,3958989.08854792
506,YESLER TERRACE PARK,4263,139153.988756,{A4B0002D-4951-4699-B4D9-5C2568F93F8B},1715.63176133996,139153.432141076
507,YORK PARK,580,11032.531717,{76077D11-4C24-47DB-955D-42A0B4D697F8},454.368070719664,11032.4875869138
508,YORK PLAYGROUND,3926,29898.650087,{9E589563-F40F-45B0-86C4-DD372E64C7AE},1010.48049991266,29898.5304922374
509,,4463,6165.400694,{3D3DA25B-03A9-4268-AD4B-21790838F434},348.30630092517,6165.37603229202
510,A. B. ERNST PARK,4404,11546.519529,{0724623F-0093-475B-961E-7171CC58B294},432.565094389434,11546.4733431277
511,HIGHLAND PLACE,3979,1587.893326,{D45F5706-C29D-4AEC-A2D7-BF125363A8E5},161.705713600465,1587.88697478045
512,KOBE TERRACE,3915,44166.135503,{47746F99-332C-47DF-BDAF-B05C0CEAFEE1},1079.48868977133,44165.958838447
513,TWELFTH WEST AND W HOWE PARK,281,49289.642844,{65EAD40A-9C10-4945-87AC-E251A708D98D},1259.40871563037,49289.4456855592
514,URSULA JUDKINS VIEWPOINT,4451,106227.143467,{769581B6-283A-4CF5-965E-38944ED20868},2054.47716385168,106226.718559371
515,WASHINGTON PARK - JAPANESE GDN,4487,163929.14429,{328D67F8-CC82-43BA-8565-A878131D6C8F},1969.43295498682,163928.488573501
